image_name,diagnostic,label,total_pixels,area,lesion_percentage,perimeter,compactness,border_pixels,asymmetry_score,feature_set,predicted_label,predicted_prob_malignant,correct
PAT_938_1789_693.png,BCC,1,54756,2706,0.049419241726934,192.8528137423857,1.0937405230662487,168,0.0635,border_asymmetry,0,0.0,
PAT_575_1087_29.png,BCC,1,834482,13648,0.016355056,511.4041122946064,1.5249287557792022,453,0.3526,border_asymmetry,0,0.3805,True
PAT_2123_4647_95.png,ACK,0,836310,92872,0.1110497303631428,1159.5676759431465,1.152119530463539,974,0.0887,border_asymmetry,1,0.5672,
PAT_328_692_681.png,BCC,1,134689,26770,0.1987541670069567,616.2569260369921,1.1289257819195069,533,0.0736,border_asymmetry,1,0.7199,
PAT_742_1402_818.png,ACK,0,1542564,47142,0.0305608065532451,893.3767670841366,1.347260077259859,760,0.6389,border_asymmetry,0,0.2983,True
PAT_330_697_575.png,BCC,1,1225449,75994,0.0620131886353491,1270.3300858899106,1.6898338253580278,1115,0.1952,border_asymmetry,1,0.7028,
PAT_366_2448_563.png,ACK,0,2775556,241591,0.08704238,2153.0621920333747,1.5269419757694902,1854,0.5536,border_asymmetry,1,0.7509,
PAT_795_1508_925.png,ACK,0,409600,4394,0.010727539,267.86500705120545,1.299457405867494,231,0.6627,border_asymmetry,0,0.0,
PAT_357_737_77.png,BCC,1,271441,22751,0.083815636,586.2152954766495,1.2019985317756718,510,0.1089,border_asymmetry,0,0.3905,
PAT_2151_4779_515.png,SEK,0,277729,5705,0.020541607,296.69343417595167,1.2278642595984703,259,0.7404,border_asymmetry,0,0.0,True
PAT_360_742_782.png,SCC,1,1912689,307037,0.1605263584409174,2363.7312395916865,1.4480901915483388,2051,0.2562,border_asymmetry,1,0.7028,
PAT_1401_1374_593.png,NEV,0,301401,65926,0.2187318555678315,1000.8082245892128,1.2090246104207936,884,0.1861,border_asymmetry,1,0.7199,
PAT_86_1109_306.png,BCC,1,217156,26190,0.1206045423566468,673.5706345359768,1.378544937603252,587,0.2399,border_asymmetry,1,0.5672,
PAT_1557_2399_681.png,ACK,0,5143824,170702,0.0331858166220306,1861.0306627407983,1.6145763396018509,1627,0.3491,border_asymmetry,0,0.1585,
PAT_100_393_898.png,NEV,0,48841,2034,0.041645339,193.29646455628168,1.4617968068322402,173,0.2471,border_asymmetry,0,0.3805,
PAT_1730_3236_7.png,SEK,0,562500,60632,0.1077902222222222,1039.9280656363574,1.419367445869192,873,0.1437,border_asymmetry,1,0.7028,
PAT_315_673_227.png,BCC,1,1552516,72768,0.046871015,1060.572727,1.2300722093971288,904,0.2017,border_asymmetry,0,0.3805,True
PAT_257_395_866.png,BCC,1,484416,57010,0.1176881027876866,895.5361466505706,1.1194516351278752,775,0.0454,border_asymmetry,1,0.5672,True
PAT_645_1461_111.png,BCC,1,2365444,1018261,0.4304735178681042,4237.382176655518,1.4032217144926542,2618,0.221,border_asymmetry,0,0.4749,
PAT_1340_1208_931.png,SEK,0,247009,17713,0.071709938,556.4579361637687,1.3911139146804508,479,0.4608,border_asymmetry,0,0.3905,
PAT_1902_3790_168.png,SEK,0,262144,12216,0.046600342,542.1980515339465,1.915036328576966,449,0.2716,border_asymmetry,0,0.3805,
PAT_1452_1564_509.png,ACK,0,409600,57475,0.140319824,1559.0235200658624,3.3652434714807105,1366,0.633,border_asymmetry,0,0.0,
PAT_2034_4268_141.png,ACK,0,537289,20853,0.038811515,629.0437226013956,1.5100219428520578,552,0.2837,border_asymmetry,0,0.3805,
PAT_146_217_187.png,BCC,1,84100,36398,0.4327942925089179,796.9087296526011,1.3884485263738675,656,0.2151,border_asymmetry,1,0.7199,True
PAT_645_1223_443.png,BCC,1,201601,6396,0.031726033,321.90663761154804,1.2892630750218792,278,0.2304,border_asymmetry,0,0.3805,True
PAT_935_1783_687.png,BCC,1,562500,36569,0.065011556,744.6660889654818,1.206702481380173,632,0.0714,border_asymmetry,1,0.5672,
PAT_2051_4356_460.png,ACK,0,633616,47029,0.074223189,981.6021638285528,1.630404652226081,830,0.3228,border_asymmetry,1,0.7028,
PAT_738_1397_966.png,BCC,1,562500,9059,0.0161048888888888,354.9360748630709,1.1066496750438342,316,0.0485,border_asymmetry,0,0.0,
PAT_935_1781_341.png,BCC,1,562500,41648,0.074040889,778.6660889654819,1.1585065891543105,666,0.0862,border_asymmetry,1,0.5672,
PAT_419_833_148.png,SCC,1,562500,267957,0.476368,2664.032754781851,2.1076774529105147,1799,0.3014,border_asymmetry,1,0.7199,
PAT_1976_4000_701.png,ACK,0,1117249,35762,0.032008979,908.2640687119284,1.835661521426124,784,0.4063,border_asymmetry,0,0.3805,
PAT_154_237_2.png,BCC,1,784996,52429,0.066788875,906.3473298326136,1.2468318305381632,768,0.1607,border_asymmetry,1,0.5672,True
PAT_989_1861_156.png,SCC,1,831744,15770,0.018960161,643.5706345359769,2.090022115407875,557,0.6622,border_asymmetry,0,0.0,
PAT_1482_1677_382.png,ACK,0,1265625,127392,0.1006554074074074,1477.917964368591,1.364421757755799,1253,0.1648,border_asymmetry,1,0.5672,
PAT_417_3537_45.png,NEV,0,703921,93183,0.1323770707224248,1164.8326112068523,1.1587252993614516,1024,0.1276,border_asymmetry,1,0.5672,
PAT_999_20_540.png,ACK,0,562500,31540,0.056071111,1970.9961748553924,9.801668491,1633,0.6624,border_asymmetry,0,0.0837,
PAT_771_1491_390.png,BCC,1,1526460,49260,0.032270744,864.3056992722711,1.2067866078620475,733,0.1895,border_asymmetry,0,0.3805,True
PAT_38_1002_34.png,BCC,1,164836,14993,0.090957072,670.4406922210657,2.385735684858393,576,0.2155,border_asymmetry,1,0.7028,
PAT_1721_3219_737.png,SEK,0,1664100,92803,0.055767682,1384.2022356160526,1.6429608430821778,1151,0.2376,border_asymmetry,0,0.3805,True
PAT_771_1490_334.png,BCC,1,1624350,87470,0.0538492320004925,1128.4305909532989,1.158459116444517,976,0.074,border_asymmetry,0,0.3805,True
PAT_782_1493_140.png,ACK,0,6630625,21771,0.003283401,712.3990616607231,1.8550620276919056,625,0.6004,border_asymmetry,0,0.2983,
PAT_380_1540_525.png,SCC,1,409600,80973,0.197687988,1105.9108216936545,1.201960295070356,922,0.1081,border_asymmetry,1,0.7199,
PAT_375_763_980.png,BCC,1,146689,13428,0.091540606,453.73001410241096,1.220039300850513,380,0.1672,border_asymmetry,0,0.3905,
PAT_382_776_986.png,BCC,1,112896,6812,0.060338719,339.9482681718908,1.3500229852879286,289,0.2329,border_asymmetry,0,0.3805,
PAT_1324_1146_143.png,ACK,0,512656,14003,0.0273146125276988,444.0904037956216,1.1207579409210202,389,0.0604,border_asymmetry,0,0.3805,
PAT_996_6_622.png,ACK,0,562500,10485,0.01864,494.2741699796952,1.8542040790341288,428,0.315,border_asymmetry,0,0.3805,
PAT_878_1663_7.png,ACK,0,1387684,114978,0.082856039,1373.3077913133243,1.3053024524130594,1172,0.6588,border_asymmetry,1,0.7509,
PAT_1922_3848_451.png,SEK,0,149769,17861,0.119256989,500.9015869776648,1.1178645419527689,428,0.0465,border_asymmetry,0,0.3905,True
PAT_1918_3836_82.png,ACK,0,1190281,191895,0.1612182333415386,1858.0773439350248,1.4317066850311826,1646,0.1418,border_asymmetry,1,0.7028,
PAT_139_207_342.png,BCC,1,1960000,140420,0.071642857,1508.9057710597708,1.2902842808463866,1296,0.2002,border_asymmetry,1,0.5672,
PAT_1586_2624_615.png,SEK,0,56169,8563,0.1524506400327583,351.60512242138304,1.1488797615179789,299,0.0433,border_asymmetry,0,0.3905,
PAT_1850_3631_519.png,ACK,0,562500,206367,0.3668746666666667,2250.753534168273,1.95346559495364,1688,0.3005,border_asymmetry,1,0.7199,
PAT_403_804_994.png,NEV,0,527076,42260,0.080178191,808.6072144624361,1.231220582119551,686,0.1653,border_asymmetry,1,0.5672,
PAT_368_2427_803.png,ACK,0,1488400,55023,0.036967885,1126.6316010800756,1.8357338989052503,980,0.6191,border_asymmetry,0,0.2983,
PAT_2070_4430_290.png,ACK,0,2627641,212122,0.080727162,1803.1383104791237,1.219726625682773,1531,0.1866,border_asymmetry,1,0.5672,True
PAT_1064_273_980.png,ACK,0,217156,6456,0.0297297795133452,316.1492782986673,1.2320008394984825,271,0.1894,border_asymmetry,0,0.3805,
PAT_430_848_476.png,BCC,1,1357225,454063,0.3345524876125919,2686.965871052092,1.265314025875346,2245,0.11,border_asymmetry,1,0.9657,
PAT_412_817_232.png,BCC,1,320356,29685,0.092662538,697.9381669,1.3058310157793478,589,0.1087,border_asymmetry,1,0.5672,
PAT_1772_3346_66.png,NEV,0,411522,43657,0.1060866733734769,799.7787873376899,1.1659394830746153,678,0.0638,border_asymmetry,1,0.5672,
PAT_185_285_97.png,BCC,1,1907161,277931,0.1457302241394407,2150.6774157225245,1.324352803,1857,0.1254,border_asymmetry,1,0.5672,True
PAT_387_786_213.png,SCC,1,308025,40034,0.1299699699699699,803.5361466505706,1.2834294106951498,683,0.1291,border_asymmetry,1,0.5672,
PAT_579_1100_988.png,ACK,0,585225,108671,0.1856909735571788,1661.4225817265851,2.021327527609327,1381,0.4236,border_asymmetry,1,0.7199,True
PAT_79_120_739.png,BCC,1,438906,37391,0.085191362,975.175757,2.023899056467813,836,0.2702,border_asymmetry,1,0.7028,
PAT_240_366_768.png,SCC,1,583696,51241,0.087787136,882.2051942088827,1.2086811809441411,748,0.2549,border_asymmetry,1,0.5672,
PAT_477_915_389.png,BCC,1,321489,88184,0.274298654075256,1145.4671708797582,1.1840379850814862,957,0.0733,border_asymmetry,1,0.7199,
PAT_830_1565_911.png,BCC,1,136900,1196,0.008736304,153.98275605729688,1.5776226523440815,137,0.2701,border_asymmetry,0,0.3805,
PAT_2013_4148_303.png,NEV,0,860256,22909,0.0266304448908231,595.4112549695428,1.2314536869135078,496,0.227,border_asymmetry,0,0.3805,
PAT_620_1176_980.png,BCC,1,571536,94413,0.1651916939615352,1267.9280656363574,1.3550258127477972,1101,0.1626,border_asymmetry,1,0.5672,
PAT_198_853_778.png,NEV,0,173472,35487,0.2045690370780299,826.8670990922586,1.5331769203874035,720,0.2368,border_asymmetry,1,0.7199,
PAT_600_1141_542.png,SCC,1,86436,20052,0.2319866722199083,535.6295090390227,1.138574441332766,459,0.0746,border_asymmetry,1,0.7199,
PAT_645_1222_860.png,BCC,1,420552,22245,0.0528947668778177,577.9310242291876,1.194839972757878,510,0.0788,border_asymmetry,0,0.3805,
PAT_1926_3871_371.png,SEK,0,1144900,52794,0.0461123242204559,1395.0479066835017,2.933484591896629,1178,0.5584,border_asymmetry,0,0.067,True
PAT_2056_4364_112.png,SEK,0,1646089,67365,0.040924275661887,988.4062043356596,1.15405563942666,860,0.0725,border_asymmetry,0,0.3805,
PAT_243_372_640.png,BCC,1,3272481,36944,0.0112892939638152,777.3696244092001,1.3016713728554197,685,0.6511,border_asymmetry,0,0.2983,
PAT_197_301_198.png,BCC,1,90000,5930,0.065888889,292.0071426749364,1.144253875417247,251,0.1434,border_asymmetry,0,0.3905,
PAT_997_14_40.png,ACK,0,562500,18045,0.03208,672.8183258569794,1.9963140973635825,373,0.6773,border_asymmetry,0,0.0,True
PAT_1942_3915_388.png,SEK,0,532900,116731,0.2190486019891161,1376.5798692519663,1.291834142319546,1179,0.155,border_asymmetry,1,0.7199,
PAT_598_1137_888.png,BCC,1,987042,83612,0.084709668,1145.4427842621187,1.248729368,981,0.0958,border_asymmetry,1,0.5672,False
PAT_691_1312_389.png,MEL,1,2394756,224370,0.093692217,1846.1362184380705,1.2087954962061362,1644,0.1152,border_asymmetry,1,0.5672,
PAT_821_1547_77.png,BCC,1,1920996,71966,0.037462858,1168.1879502661798,1.5089964425875182,1017,0.2632,border_asymmetry,0,0.3805,
PAT_16_24_691.png,BCC,1,357006,63888,0.1789549755466294,944.9331162702406,1.1121746255210994,807,0.0457,border_asymmetry,1,0.7199,
PAT_98_152_562.png,BCC,1,689730,102764,0.1489916344076667,1268.1046891454944,1.245258034322312,1131,0.2225,border_asymmetry,1,0.5672,
PAT_512_962_998.png,BCC,1,194481,22159,0.1139391508682082,657.9726547895302,1.5547324676835936,583,0.2109,border_asymmetry,1,0.7028,
PAT_1350_1230_878.png,NEV,0,165714,11105,0.067013047,398.0904037956216,1.1356251203147971,343,0.0876,border_asymmetry,0,0.3905,
PAT_1415_1440_629.png,ACK,0,409600,26939,0.065769043,647.1025971044413,1.236957993285627,580,0.206,border_asymmetry,1,0.5672,
PAT_674_1277_9.png,BCC,1,571536,6789,0.011878517,354.492424,1.4729847267243383,311,0.4445,border_asymmetry,0,0.3805,
PAT_1871_3666_675.png,SEK,0,286225,22085,0.077159577,584.2569260369921,1.2299868580964153,501,0.1389,border_asymmetry,0,0.3905,
PAT_223_341_187.png,BCC,1,138384,2277,0.0164542143600416,184.95331880577405,1.1955049063021883,163,0.1573,border_asymmetry,0,0.3805,
PAT_782_1492_890.png,BCC,1,4186116,174817,0.041761146,1597.5088014401008,1.161697332164239,1402,0.0826,border_asymmetry,0,0.1585,
PAT_834_1574_397.png,SCC,1,1521522,133487,0.087732547,1808.895669792004,1.950644831956328,1538,0.1425,border_asymmetry,1,0.7028,True
PAT_759_1433_973.png,NEV,0,218089,10151,0.046545217778063,379.6639969244288,1.1300044120024106,337,0.0945,border_asymmetry,0,0.3805,
PAT_122_869_60.png,BCC,1,334662,9729,0.029071123,406.0487732,1.3485850410784244,358,0.5305,border_asymmetry,0,0.067,
PAT_81_123_52.png,ACK,0,300304,27977,0.093162262,627.3279938488575,1.119382025502432,542,0.0612,border_asymmetry,1,0.5672,
PAT_27_38_240.png,ACK,0,1687401,135731,0.080437904,1399.7930726875627,1.1487850287037529,1196,0.0893,border_asymmetry,1,0.5672,
PAT_212_326_597.png,BCC,1,2125764,501593,0.2359589305303881,2812.466304327981,1.2549121519470614,2455,0.3556,border_asymmetry,1,0.9657,
PAT_93_361_203.png,SEK,0,98596,3401,0.0344942999716012,232.65180361560903,1.266474213125567,202,0.6223,border_asymmetry,0,0.2983,
PAT_265_407_421.png,BCC,1,1163162,3702,0.003182704,229.1370849898476,1.1286115468381652,196,0.1107,border_asymmetry,0,0.3805,True
PAT_646_1225_590.png,BCC,1,654481,383867,0.5865212282709505,2549.8977618330573,1.3478913704479247,1816,0.1852,border_asymmetry,1,0.7199,
PAT_528_3072_615.png,ACK,0,1542564,36197,0.0234654769591407,712.5828278447967,1.1163188617521895,614,0.0715,border_asymmetry,0,0.3805,
PAT_495_941_26.png,MEL,1,596756,111517,0.1868720213956793,1449.9280656363574,1.500175163502269,1283,0.216,border_asymmetry,1,0.7199,
PAT_354_1817_500.png,SEK,0,1147041,43304,0.037752792,817.5361466505707,1.2282196727297012,697,0.148,border_asymmetry,0,0.3805,
PAT_810_1526_67.png,BCC,1,4734976,881910,0.1862543759461505,4630.634052058627,1.934847725,4006,0.318,border_asymmetry,0,0.4749,True
PAT_876_1664_579.png,BCC,1,1418481,97315,0.068605078,1211.5016587651644,1.200213134650176,1057,0.1201,border_asymmetry,1,0.5672,
PAT_442_863_795.png,BCC,1,258572,30543,0.118121838404777,667.0681092190353,1.1593613048373443,566,0.0909,border_asymmetry,1,0.5672,True
PAT_684_1302_934.png,BCC,1,451584,134564,0.2979822137188209,1466.7808793787428,1.2723064462556704,1275,0.1532,border_asymmetry,1,0.7199,
PAT_1728_3234_404.png,ACK,0,562500,99510,0.1769066666666666,1883.0306627407983,2.835555771900318,1649,0.3765,border_asymmetry,1,0.7199,False
PAT_467_904_235.png,BCC,1,489300,43965,0.089852851,910.0386719675124,1.4990038713946725,804,0.3515,border_asymmetry,1,0.7028,
PAT_974_1841_693.png,BCC,1,1162084,46527,0.040037553,833.7371567773473,1.188894722262242,719,0.127,border_asymmetry,0,0.3805,
PAT_1066_281_698.png,ACK,0,159201,9998,0.062801113,389.8061325481597,1.2094121801712183,343,0.1551,border_asymmetry,0,0.3905,
PAT_334_703_907.png,BCC,1,224676,20903,0.093036194,566.0731598529185,1.2199067724375534,494,0.0985,border_asymmetry,0,0.3905,False
PAT_1918_3837_15.png,ACK,0,1423249,273971,0.1924968856468545,2965.5567081236027,2.554453534877555,2553,0.4504,border_asymmetry,1,0.7199,
PAT_1811_3487_560.png,ACK,0,2792241,118220,0.042338752,1426.940258945177,1.370600112532345,1248,0.1992,border_asymmetry,0,0.3805,True
PAT_826_1615_908.png,BCC,1,1809025,602019,0.3327864457373447,5582.378351510911,4.119253067571215,4802,0.368,border_asymmetry,0,0.4749,False
PAT_723_1396_338.png,BCC,1,625681,65118,0.1040753994447649,1115.7615433949868,1.5213595319224966,977,0.215,border_asymmetry,1,0.7028,
PAT_206_312_595.png,BCC,1,573049,94186,0.1643594177810274,1762.9961748553924,2.6260713573217425,1495,0.2329,border_asymmetry,1,0.7028,
PAT_263_1480_753.png,ACK,0,605284,345679,0.5711021603082189,2767.638743755012,1.7633395247915973,1079,0.3292,border_asymmetry,1,0.7199,
PAT_715_4073_115.png,ACK,0,4999696,232401,0.046483026167991,2902.8998538741102,2.8854679218575163,2492,0.6075,border_asymmetry,0,0.0,True
PAT_1065_278_954.png,ACK,0,272484,5337,0.0195864711322499,277.2375900532359,1.1460331051562134,247,0.1411,border_asymmetry,0,0.3805,
PAT_1006_53_385.png,ACK,0,101124,2422,0.0239507930857165,223.29646455628165,1.638248168446621,203,0.4838,border_asymmetry,0,0.3805,
PAT_877_1667_118.png,BCC,1,2286144,113009,0.049432144,1385.366666,1.3514705028162457,1194,0.1771,border_asymmetry,0,0.3805,
PAT_249_380_366.png,ACK,0,85556,16667,0.1948080789190705,485.4873734152917,1.1253524972954834,413,0.0788,border_asymmetry,0,0.0,False
PAT_478_916_806.png,BCC,1,874225,155776,0.1781875375332437,1592.989032180456,1.296328769434582,1366,0.1456,border_asymmetry,1,0.7199,
PAT_242_369_930.png,BCC,1,66564,3709,0.05572081,229.48023074035524,1.1298579829174562,198,0.0963,border_asymmetry,0,0.3805,
PAT_1803_3463_639.png,NEV,0,1620529,140932,0.086966663,1476.2367235014583,1.230530919,1277,0.172,border_asymmetry,1,0.5672,True
PAT_300_1689_862.png,ACK,0,127449,2246,0.017622735,184.8528137423857,1.2106887732973994,160,0.1227,border_asymmetry,0,0.3805,
PAT_621_3591_171.png,NEV,0,960400,94983,0.098899417,1160.999133448223,1.1292966625951009,992,0.0733,border_asymmetry,1,0.5672,
PAT_1406_1397_669.png,ACK,0,1819801,64795,0.0356055414850305,1018.7737367038064,1.2746886623404388,868,0.2053,border_asymmetry,0,0.3805,
PAT_1415_1439_295.png,ACK,0,409600,17397,0.042473145,501.58787847868,1.150826457679026,432,0.0799,border_asymmetry,0,0.3805,
PAT_53_81_522.png,BCC,1,1144900,11949,0.0104367193641366,430.4163056034261,1.233775113,360,0.641,border_asymmetry,0,0.2983,
PAT_1749_3288_409.png,ACK,0,3583449,29216,0.008153039,712.7005768508881,1.3835141355439735,634,0.7166,border_asymmetry,0,0.0837,
PAT_684_1303_368.png,BCC,1,5345344,2565653,0.4799790247362939,6344.497326006278,1.2484945614839913,5345,0.1086,border_asymmetry,0,0.4749,
PAT_1407_1402_347.png,ACK,0,1042441,48724,0.046740295134209,871.4701294725886,1.2403727400561302,782,0.5787,border_asymmetry,0,0.2983,
PAT_1286_999_846.png,SEK,0,3010225,635627,0.2111559767127042,3136.456203060214,1.2315902842940305,2721,0.0913,border_asymmetry,0,0.4749,
PAT_645_1223_124.png,BCC,1,669124,52327,0.078202247,964.3889603929564,1.4143886411865407,819,0.31,border_asymmetry,1,0.5672,False
PAT_143_213_489.png,BCC,1,2792241,615436,0.2204093414572739,3018.782104868019,1.1783404135451072,2588,0.0847,border_asymmetry,0,0.4749,
PAT_817_1537_943.png,BCC,1,2537649,88060,0.034701411,1210.8397538817887,1.324905177091989,1029,0.1053,border_asymmetry,0,0.3805,
PAT_71_108_56.png,ACK,0,754292,154008,0.2041755712641788,1968.2022356160528,2.001641499336554,1735,0.402,border_asymmetry,1,0.7199,
PAT_21_982_266.png,BCC,1,1542564,16335,0.0105895120072813,504.65894629054543,1.2407004801646804,433,0.1802,border_asymmetry,0,0.3805,True
PAT_801_1518_78.png,MEL,1,563250,65613,0.1164900133155792,1105.903679018718,1.483319979061947,963,0.222,border_asymmetry,1,0.7028,
PAT_152_230_934.png,BCC,1,3705625,1033904,0.2790093439028503,3880.117241391813,1.158776334918593,3323,0.128,border_asymmetry,0,0.4749,
PAT_439_2887_834.png,NEV,0,216225,10902,0.050419702,402.8183258569795,1.184410908514808,344,0.1631,border_asymmetry,0,0.3805,
PAT_990_1860_478.png,SCC,1,141376,5595,0.039575317,281.27922061357856,1.1252922948547668,244,0.0476,border_asymmetry,0,0.3805,
PAT_978_1844_715.png,SCC,1,139876,7982,0.057064829,359.9482681718907,1.291690868191112,309,0.1769,border_asymmetry,0,0.3805,
PAT_1755_3309_828.png,SEK,0,765625,104737,0.1367993469387755,1311.1240251292506,1.3061033904393131,1121,0.126,border_asymmetry,1,0.5672,
PAT_383_779_429.png,BCC,1,454276,17562,0.0386593172432618,548.3746750430836,1.3626080278668609,485,0.2803,border_asymmetry,0,0.3805,
PAT_537_1014_961.png,SCC,1,181476,60648,0.3341929511340342,1292.271211386865,2.191194813047044,1117,0.2772,border_asymmetry,1,0.7199,
PAT_1733_3239_934.png,NEV,0,126025,6379,0.050616941,310.3502884,1.2015499798633535,271,0.0986,border_asymmetry,0,0.3805,
PAT_757_1431_696.png,ACK,0,266772,29924,0.1121706925764323,661.3696244092001,1.1632122820854172,569,0.0704,border_asymmetry,1,0.5672,
PAT_478_1829_141.png,BCC,1,191844,19356,0.1008944767623694,646.0559159102155,1.715989941521032,557,0.2915,border_asymmetry,1,0.7028,
PAT_207_313_709.png,BCC,1,305809,43988,0.1438414173552773,915.9797974644664,1.5178459978300332,800,0.2861,border_asymmetry,1,0.7028,
PAT_583_1112_886.png,BCC,1,949650,27976,0.029459274,736.9259735953043,1.5447288028572737,640,0.2401,border_asymmetry,0,0.3805,False
PAT_796_1510_361.png,BCC,1,1932100,752080,0.3892552145334092,3452.1618305449856,1.2609805535870549,2918,0.1201,border_asymmetry,0,0.4749,
PAT_747_1408_742.png,BCC,1,252004,48459,0.1922945667529086,836.2468247692254,1.1483774388466104,695,0.0564,border_asymmetry,1,0.7199,
PAT_1102_408_613.png,ACK,0,153664,1067,0.006943721,124.5685424949238,1.1572907519796871,108,0.1393,border_asymmetry,0,0.3805,
PAT_2119_4625_733.png,ACK,0,467856,9003,0.0192431004411613,386.492424,1.320337191050575,343,0.7038,border_asymmetry,0,0.0,
PAT_633_1199_218.png,SCC,1,87616,12090,0.1379884952520087,423.3452377915608,1.1796500559443248,355,0.0965,border_asymmetry,0,0.3905,True
PAT_798_1770_256.png,ACK,0,781456,41497,0.053102158,771.9970414071697,1.1428907219145643,673,0.0441,border_asymmetry,0,0.3805,
PAT_627_1188_503.png,NEV,0,899652,126850,0.1409989640438747,1360.6214998123091,1.1613799463351409,1156,0.1454,border_asymmetry,1,0.5672,
PAT_267_412_275.png,BCC,1,1149184,105461,0.091770334,1503.917964368591,1.706658173373519,1279,0.1999,border_asymmetry,1,0.7028,
PAT_441_861_415.png,BCC,1,108900,12209,0.1121120293847566,495.9310242291876,1.603070408088337,428,0.1365,border_asymmetry,1,0.7028,
PAT_666_1271_645.png,BCC,1,829921,77296,0.093136576,1100.129075763134,1.2460067693892452,939,0.1008,border_asymmetry,1,0.5672,
PAT_563_1070_63.png,BCC,1,1308736,100936,0.077124798,2324.6673144547576,4.260549983,1973,0.3078,border_asymmetry,1,0.7028,
PAT_1026_124_346.png,ACK,0,226576,1993,0.008796166,167.53910524340097,1.1207667049896954,146,0.0842,border_asymmetry,0,0.3805,True
PAT_1786_3419_768.png,ACK,0,1482306,79282,0.053485583,1100.430590953299,1.2154604963481854,948,0.6853,border_asymmetry,0,0.0837,
PAT_1400_1372_276.png,SEK,0,94864,5304,0.055911621,279.0782104868018,1.168526268,236,0.0654,border_asymmetry,0,0.3805,True
PAT_1945_3923_428.png,NEV,0,1026169,70056,0.068269457,1024.5828278447966,1.1924466142250438,926,0.1069,border_asymmetry,1,0.5672,
PAT_944_1795_371.png,BCC,1,1245456,50378,0.040449442,895.8965363437813,1.267841399785823,794,0.1458,border_asymmetry,0,0.3805,
PAT_519_979_104.png,BCC,1,444222,129075,0.290564177370774,1604.0012254892758,1.5861979847494143,1365,0.2516,border_asymmetry,1,0.7199,
PAT_1397_1361_183.png,SEK,0,2321052,805785,0.3471636999084898,4962.048265621001,2.431604430674785,4337,0.2097,border_asymmetry,0,0.4749,False
PAT_852_1629_265.png,BCC,1,471282,12227,0.0259441268709604,497.7300141024109,1.6123446632837182,424,0.2513,border_asymmetry,0,0.3805,
PAT_896_1705_582.png,BCC,1,1060900,3686,0.003474409,278.5512985522207,1.675117130299372,245,0.2506,border_asymmetry,0,0.3805,
PAT_253_384_607.png,BCC,1,2540836,258386,0.1016933009450432,1925.7413408594532,1.142134012,1671,0.0754,border_asymmetry,1,0.5672,
PAT_159_245_181.png,BCC,1,541696,85948,0.158664638468809,1280.7981233214462,1.518852939215655,1106,0.2927,border_asymmetry,1,0.7028,True
PAT_336_705_711.png,BCC,1,216225,14672,0.067855243,478.7594513539338,1.2431843630866048,410,0.2164,border_asymmetry,0,0.3905,
PAT_340_714_68.png,MEL,1,4454210,501295,0.1125440875037324,3043.7038943812167,1.4706237081388815,2656,0.1047,border_asymmetry,0,0.3582,
PAT_1777_3370_697.png,ACK,0,2775556,122455,0.044119088,1398.35447250755,1.270715024610068,1219,0.1238,border_asymmetry,0,0.3805,
PAT_1710_3160_488.png,ACK,0,1733172,35214,0.0203176603360774,762.9015869776647,1.3152606064626808,690,0.1155,border_asymmetry,0,0.3805,
PAT_1370_1273_41.png,ACK,0,9734400,945860,0.097166749,3746.556708123602,1.1809401747046178,3334,0.0841,border_asymmetry,1,0.5672,
PAT_108_161_423.png,SCC,1,1311025,240880,0.1837341011803741,1976.386001800126,1.2904254864107512,1732,0.1518,border_asymmetry,1,0.7199,
PAT_15_3138_959.png,ACK,0,2869636,187070,0.065189453,2013.8590898655448,1.7252186683827864,1779,0.6174,border_asymmetry,1,0.7509,
PAT_112_168_360.png,BCC,1,384400,105464,0.274360041623309,1451.9940828143394,1.5908000279995254,1254,0.1425,border_asymmetry,1,0.7199,
PAT_83_126_820.png,BCC,1,287296,26344,0.091696369,620.6833329,1.1637202331743697,525,0.0754,border_asymmetry,1,0.5672,
PAT_764_1448_499.png,BCC,1,237169,4551,0.0191888484582723,255.4802307403552,1.1412949613436625,224,0.081,border_asymmetry,0,0.3805,
PAT_818_1539_859.png,BCC,1,239121,2792,0.011676097,222.3086578651014,1.4085993235424703,190,0.7285,border_asymmetry,0,0.0,
PAT_1286_1000_276.png,SEK,0,4084441,1350174,0.3305651862764084,4649.182392018018,1.2739534638960248,3892,0.1532,border_asymmetry,0,0.4749,
PAT_2115_4613_260.png,ACK,0,1005006,35800,0.035621678,754.7077195258246,1.2660903356152595,635,0.2015,border_asymmetry,0,0.3805,
PAT_268_413_643.png,BCC,1,1787569,308208,0.1724174003912576,2217.429724401521,1.2695387416717212,1896,0.1273,border_asymmetry,1,0.7199,
PAT_1534_1810_719.png,NEV,0,1139556,53628,0.047060434,873.7787873376899,1.1329259631769206,752,0.0814,border_asymmetry,0,0.3805,
PAT_881_1681_462.png,SCC,1,980100,33658,0.034341394,774.9503602129437,1.4198733204534495,654,0.1751,border_asymmetry,0,0.3805,
PAT_270_1386_755.png,ACK,0,2117025,18225,0.008608779,551.7300141024109,1.3291555817150216,478,0.1556,border_asymmetry,0,0.3805,
PAT_943_1793_256.png,BCC,1,4609609,539010,0.1169318265388669,2992.424673767638,1.3220253031774063,2642,0.1471,border_asymmetry,1,0.5672,
PAT_856_1626_630.png,BCC,1,2576025,228829,0.088830271,1788.052957317385,1.1118336855470148,1600,0.0604,border_asymmetry,1,0.5672,True
PAT_666_1268_870.png,BCC,1,583696,109621,0.1878049532633425,1580.905771059771,1.814296848248743,1368,0.2137,border_asymmetry,1,0.7199,
PAT_935_1786_482.png,SCC,1,297025,35825,0.120612743035098,803.0681092190353,1.4325463970434191,702,0.1855,border_asymmetry,1,0.7028,
PAT_609_1159_942.png,BCC,1,573049,81643,0.1424712371891409,1092.6488450227787,1.1636768734425926,963,0.1566,border_asymmetry,1,0.5672,True
PAT_1914_3822_863.png,SEK,0,69696,2598,0.037276171,194.7106781186548,1.1612628368990547,174,0.092,border_asymmetry,0,0.3805,
PAT_1089_375_60.png,NEV,0,92416,8388,0.090763504,355.22034611053283,1.1970915917451357,308,0.1668,border_asymmetry,0,0.3905,True
PAT_206_312_760.png,BCC,1,1058841,33979,0.032090748,922.2051942088827,1.9917492876900385,788,0.3156,border_asymmetry,0,0.3805,
PAT_1074_322_864.png,ACK,0,273529,6359,0.0232479919862244,298.0071426749364,1.1113597344313677,257,0.0717,border_asymmetry,0,0.3805,
PAT_448_875_81.png,SCC,1,167690,31400,0.1872502832607788,726.0386719675123,1.3359185962298814,620,0.2494,border_asymmetry,1,0.7199,
PAT_1139_523_682.png,ACK,0,1530169,5823,0.003805462,286.35028842544403,1.1205689791051148,247,0.9631,border_asymmetry,0,0.0,
PAT_492_4723_890.png,ACK,0,3407716,428323,0.1256921057975488,2635.696751706281,1.2906533796958917,2289,0.2241,border_asymmetry,1,0.5672,
PAT_1591_2648_855.png,NEV,0,209764,18196,0.086745104,567.5878785,1.4089008522266897,498,0.3935,border_asymmetry,0,0.3905,False
PAT_523_988_900.png,BCC,1,143641,1113,0.007748484,127.05382386916236,1.1541717822327853,108,0.1557,border_asymmetry,0,0.3805,
PAT_1420_1461_93.png,SEK,0,128881,28119,0.218178009,678.4823227814084,1.3027687674464354,577,0.1467,border_asymmetry,1,0.7199,
PAT_361_743_82.png,BCC,1,4460544,230554,0.051687417,2171.072293301141,1.6269194251804115,1930,0.3699,border_asymmetry,0,0.1585,
PAT_397_798_482.png,SCC,1,2886601,455393,0.1577609790892472,2615.512985522207,1.1954118219610257,2280,0.1041,border_asymmetry,1,0.5672,True
PAT_637_1217_274.png,SCC,1,312481,31473,0.1007197237592045,719.3107499061545,1.3082329873584708,617,0.3523,border_asymmetry,1,0.5672,
PAT_1903_3791_14.png,NEV,0,168921,11661,0.06903227,416.5756851698602,1.1842466782714565,359,0.0945,border_asymmetry,0,0.3905,
PAT_904_1739_546.png,ACK,0,2521744,109310,0.043346985,1345.4377336282353,1.3178241099568655,1152,0.2151,border_asymmetry,0,0.3805,
PAT_770_1451_136.png,SCC,1,5387041,484345,0.089909284,3471.894803240227,1.9804707416829652,3032,0.4785,border_asymmetry,0,0.3582,
PAT_468_905_765.png,BCC,1,559504,49294,0.088103034,859.8965363437815,1.193681531225809,758,0.0788,border_asymmetry,1,0.5672,
PAT_614_1166_885.png,MEL,1,414092,127365,0.3075765771857461,1796.8367952889585,2.017238744174921,1516,0.2741,border_asymmetry,1,0.7199,
PAT_1027_128_854.png,ACK,0,269361,3552,0.013186764230902,246.6101730552664,1.362508294452516,152,0.8405,border_asymmetry,0,0.0,
PAT_1180_651_559.png,NEV,0,729316,127940,0.1754246444613857,1515.800215362499,1.4291167797813895,1271,0.2891,border_asymmetry,1,0.7199,
PAT_1255_876_939.png,ACK,0,4831204,251048,0.051963858,2290.7119036079303,1.663314277,2031,0.2874,border_asymmetry,0,0.1585,
PAT_42_58_13.png,BCC,1,343396,74587,0.2172040443103589,1034.523953341751,1.1418474805345045,926,0.0899,border_asymmetry,1,0.7199,
PAT_545_1031_428.png,BCC,1,2359296,166361,0.070512984,1806.2438661763952,1.5605992155864608,1566,0.2048,border_asymmetry,1,0.7028,
PAT_1573_2499_849.png,ACK,0,239121,32417,0.1355673487481233,1106.0630585851518,3.003150452262921,953,0.4124,border_asymmetry,1,0.7028,
PAT_271_418_14.png,SCC,1,567009,103597,0.1827078582526908,1268.638743755012,1.2362858478192544,1081,0.1005,border_asymmetry,1,0.7199,
PAT_70_107_155.png,MEL,1,943812,295068,0.3126342958131492,2100.386001800125,1.189778874608506,1858,0.115,border_asymmetry,1,0.7199,
PAT_1575_2516_23.png,ACK,0,853776,30277,0.0354624632222034,871.7371567773473,1.9973234937988105,757,0.3377,border_asymmetry,0,0.3805,
PAT_115_176_455.png,BCC,1,562500,8932,0.015879111,396.5340546095176,1.400884735474092,346,0.2528,border_asymmetry,0,0.3805,
PAT_71_108_617.png,ACK,0,539490,47770,0.08854659,841.9970414071697,1.1810166644614335,743,0.1245,border_asymmetry,1,0.5672,
PAT_2026_4230_141.png,ACK,0,285156,30885,0.1083091360518453,1065.0092347159894,2.9224647225346274,954,0.4034,border_asymmetry,1,0.7028,
PAT_389_2600_833.png,ACK,0,3640464,102576,0.0281766280342286,1234.129075763134,1.1815865670884431,1073,0.1319,border_asymmetry,0,0.1585,True
PAT_300_1478_445.png,ACK,0,832656,96013,0.1153093234180742,1216.999133448223,1.227554080289183,1048,0.1269,border_asymmetry,1,0.5672,
PAT_354_731_155.png,BCC,1,483720,39122,0.080877367,739.9554108,1.1137306912866374,648,0.0595,border_asymmetry,1,0.5672,True
PAT_1062_264_741.png,ACK,0,322624,1191,0.003691604,136.9116882454314,1.252447199417737,122,0.1544,border_asymmetry,0,0.3805,
PAT_858_1631_427.png,BCC,1,4583881,268242,0.0585185348398005,2665.696752,2.108069102793871,2319,0.456,border_asymmetry,0,0.1585,
PAT_338_709_306.png,SCC,1,27889,6087,0.2182580945892646,293.9655121145938,1.1297428426924578,260,0.0629,border_asymmetry,0,0.0,
PAT_84_128_233.png,BCC,1,37249,1852,0.049719456,176.50966799187808,1.338708897133051,150,0.1649,border_asymmetry,0,0.3805,
PAT_215_330_224.png,SCC,1,1682209,263068,0.1563824709058149,2470.292639411674,1.845945699368699,2182,0.1727,border_asymmetry,1,0.7028,
PAT_638_3680_891.png,ACK,0,1570009,69953,0.044555796,1159.6782822743016,1.529885187307777,1035,0.3233,border_asymmetry,0,0.3805,
PAT_381_775_566.png,BCC,1,556516,38877,0.06985783,742.6417023478423,1.1289015188278464,654,0.0541,border_asymmetry,1,0.5672,
PAT_738_1552_843.png,SEK,0,2073600,241529,0.1164781057098765,2038.9961748553928,1.3697890015532852,1771,0.509,border_asymmetry,1,0.5672,
PAT_109_868_113.png,MEL,1,622521,207514,0.3333445779339171,1848.1606050557095,1.309851770630528,1622,0.1066,border_asymmetry,1,0.7199,
PAT_1506_1735_733.png,ACK,0,271962,26410,0.097109155,631.8132752230961,1.2028160880387395,544,0.1474,border_asymmetry,1,0.5672,
PAT_300_647_501.png,BCC,1,845480,67242,0.079531154,1151.3595231414336,1.5688138998728012,1001,0.157,border_asymmetry,1,0.7028,
PAT_375_763_732.png,BCC,1,57600,3999,0.069427083,250.79393923934,1.2516208979896233,216,0.1449,border_asymmetry,0,0.3905,True
PAT_1107_427_352.png,NEV,0,1147041,312395,0.272348591,2190.611398544542,1.222409589073009,1928,0.1056,border_asymmetry,1,0.7199,True
PAT_735_1391_683.png,ACK,0,744769,41086,0.055166098,915.8620484583752,1.6246372264608078,780,0.1724,border_asymmetry,0,0.3805,
PAT_987_1859_724.png,ACK,0,200256,79612,0.3975511345477788,1161.1412690719535,1.3476642987736114,988,0.199,border_asymmetry,1,0.7199,
PAT_1536_1819_562.png,ACK,0,94249,15872,0.1684049698140033,507.4457429,1.291034083858773,442,0.2538,border_asymmetry,0,0.3905,
PAT_778_1471_911.png,BCC,1,316969,52753,0.1664295246538305,1104.430590953299,1.840008495883468,952,0.2478,border_asymmetry,1,0.7028,
PAT_1526_1792_482.png,ACK,0,1923769,54633,0.0283989397895485,1190.6732316404182,2.0650010033248147,1037,0.1423,border_asymmetry,0,0.3805,True
PAT_747_1410_622.png,ACK,0,181476,11612,0.063986422,432.9604614807105,1.2846345096443537,370,0.1195,border_asymmetry,0,0.3905,True
PAT_727_1373_718.png,BCC,1,171396,18939,0.1104984947139956,629.6295090390225,1.6657247550003946,553,0.302,border_asymmetry,1,0.7028,
PAT_260_400_566.png,ACK,0,52441,5639,0.1075303674605747,284.2081528017131,1.139885174737767,249,0.0901,border_asymmetry,0,0.3905,
PAT_837_1584_745.png,BCC,1,1454436,80413,0.055288098,2099.9322497184635,4.363896459767361,1793,0.5579,border_asymmetry,0,0.067,
PAT_414_822_420.png,ACK,0,227529,32227,0.1416390877646366,766.9259735953042,1.452369598623559,670,0.2339,border_asymmetry,1,0.7028,
PAT_330_1437_458.png,BCC,1,1117249,187558,0.1678748425820922,1942.2682527940344,1.6005637104476225,1678,0.1374,border_asymmetry,1,0.7028,
PAT_581_1114_116.png,BCC,1,809100,189853,0.2346471387961933,1809.113923861484,1.3718432927639688,1561,0.2059,border_asymmetry,1,0.7199,
PAT_330_695_296.png,BCC,1,5456896,201399,0.036907245,1716.5870119269025,1.164298855664328,1478,0.1241,border_asymmetry,0,0.1585,
PAT_599_1140_399.png,ACK,0,1283689,418167,0.3257541351526732,2607.9364338005694,1.2942983041154033,2161,0.1269,border_asymmetry,1,0.9657,
PAT_114_173_213.png,BCC,1,80656,11113,0.1377826820075381,481.5462479183374,1.660484508621965,419,0.3623,border_asymmetry,1,0.7028,
PAT_1305_1082_88.png,NEV,0,298116,10789,0.03619061,399.8477631085024,1.179229362324928,346,0.0853,border_asymmetry,0,0.3805,
PAT_856_1626_523.png,BCC,1,202500,29847,0.1473925925925926,715.4528855298855,1.3647450556811345,609,0.1481,border_asymmetry,1,0.5672,
PAT_730_1385_585.png,BCC,1,1270129,94056,0.074052321,1147.1585130146568,1.1133981503306298,991,0.0617,border_asymmetry,1,0.5672,
PAT_180_279_377.png,BCC,1,547600,109942,0.2007706355003652,1246.4549775709384,1.124552396277821,1070,0.0392,border_asymmetry,1,0.7199,
PAT_968_1835_721.png,BCC,1,178084,14095,0.079148042,453.3868683519033,1.160547526738144,378,0.1165,border_asymmetry,0,0.3905,False
PAT_1543_4346_860.png,ACK,0,2999824,49927,0.01664331,960.8153672641492,1.4714128552295174,803,0.5692,border_asymmetry,0,0.067,True
PAT_1035_165_800.png,ACK,0,1042441,43644,0.041867118,831.3279938488575,1.2601156314768382,746,0.6204,border_asymmetry,0,0.2983,
PAT_89_135_11.png,BCC,1,98596,1735,0.0175970627611667,159.29646455628168,1.163865865388488,139,0.1405,border_asymmetry,0,0.3805,
PAT_1653_2916_346.png,SEK,0,309136,68986,0.2231574452668081,1072.4305909532989,1.326684206983094,920,0.2334,border_asymmetry,1,0.7199,
PAT_470_908_103.png,BCC,1,1240996,213255,0.171841810932509,2318.022653514085,2.0050548855798795,1956,0.3084,border_asymmetry,1,0.7199,
PAT_1586_2623_989.png,ACK,0,166464,1841,0.011059448,168.71067811865478,1.2303296478813013,148,0.1628,border_asymmetry,0,0.3805,
PAT_621_1183_56.png,NEV,0,717409,236001,0.3289629764890042,1879.1484117468904,1.1906893119921336,1665,0.0789,border_asymmetry,1,0.7199,
PAT_190_291_366.png,BCC,1,712336,50018,0.070216864,973.2590180780452,1.5070257978602586,820,0.39,border_asymmetry,1,0.7028,True
PAT_1418_1448_307.png,SEK,0,108900,15453,0.141900826,547.4873734152916,1.5435672180732931,475,0.2715,border_asymmetry,1,0.7028,
PAT_610_1156_461.png,BCC,1,1542564,223242,0.1447213859522198,2047.2215715998088,1.4939770617746062,1761,0.3385,border_asymmetry,1,0.7028,
PAT_1301_1063_739.png,ACK,0,2166784,310529,0.1433133159558128,2426.483548270684,1.5088382093189985,2086,0.221,border_asymmetry,1,0.7028,
PAT_691_1311_2.png,BCC,1,5902470,1467441,0.2486147324764039,4664.474672492192,1.1798721919069972,4027,0.0848,border_asymmetry,0,0.4749,
PAT_349_724_133.png,SCC,1,975156,162152,0.1662831382876175,1909.1383104791237,1.7887210243082434,1637,0.1541,border_asymmetry,1,0.7028,
PAT_522_985_991.png,ACK,0,1020100,44232,0.043360455,807.3523804664972,1.1726808126298929,698,0.1038,border_asymmetry,0,0.3805,True
PAT_798_1772_469.png,ACK,0,561001,15927,0.0283903237249131,535.0020920410531,1.4301023373189017,465,0.5809,border_asymmetry,0,0.2983,
PAT_1608_2720_196.png,ACK,0,188356,10708,0.056849795,389.50461735799473,1.127475190348206,334,0.069,border_asymmetry,0,0.3805,
PAT_2155_4784_483.png,SEK,0,252004,14182,0.056276884,451.20310216782974,1.1423437468991862,387,0.0881,border_asymmetry,0,0.3805,
PAT_287_440_729.png,ACK,0,1849600,582196,0.3147685986159169,3416.772003600252,1.5957061487355764,2928,0.2294,border_asymmetry,0,0.4749,
PAT_413_819_550.png,BCC,1,299209,162161,0.5419656494289945,1542.8225099390856,1.168088250237142,1142,0.0771,border_asymmetry,1,0.7199,
PAT_796_1509_400.png,BCC,1,1428025,102816,0.07199874,1260.2955980045044,1.2293463915441007,1071,0.117,border_asymmetry,1,0.5672,
PAT_269_415_906.png,BCC,1,86436,10490,0.1213614697579712,398.47518010647184,1.2045288295181749,338,0.077,border_asymmetry,0,0.3905,
PAT_1439_1522_320.png,SEK,0,5143824,699887,0.1360635589398082,3624.061325481597,1.493321388167396,3156,0.1865,border_asymmetry,0,0.3582,
PAT_806_1520_708.png,BCC,1,1408969,60975,0.043276325,958.5899705,1.1992344297845026,819,0.1297,border_asymmetry,0,0.3805,
PAT_897_1710_793.png,BCC,1,1782225,123575,0.069337485,1545.7098115668775,1.5385635669905442,1356,0.2397,border_asymmetry,1,0.7028,
PAT_1260_894_63.png,ACK,0,562500,57863,0.1028675555555555,955.016377390926,1.254327165137229,803,0.1747,border_asymmetry,1,0.5672,
PAT_921_1750_313.png,ACK,0,675684,104960,0.1553388862249217,2395.3880938411794,4.350288779558711,2081,0.4316,border_asymmetry,1,0.7028,True
PAT_1267_912_371.png,ACK,0,4351396,49798,0.011444143442702,859.8204178980325,1.181391231286531,731,0.1265,border_asymmetry,0,0.1585,True
PAT_242_369_337.png,BCC,1,228484,10139,0.044375098,390.7766952966368,1.1985394256859383,339,0.1104,border_asymmetry,0,0.3805,True
PAT_1202_722_827.png,SEK,0,992016,99362,0.1001616909404687,1261.744299452284,1.275006837987319,1106,0.1104,border_asymmetry,1,0.5672,
PAT_101_1041_651.png,BCC,1,1279161,124023,0.096956521,1375.8347032479053,1.214564051941324,1165,0.1851,border_asymmetry,1,0.5672,True
PAT_330_1437_506.png,BCC,1,1196836,34890,0.029151863747414,941.3940110268396,2.0213058302998186,825,0.3124,border_asymmetry,0,0.3805,False
PAT_432_851_560.png,BCC,1,218089,15350,0.070384109,493.1025971044414,1.2605391423923027,426,0.1045,border_asymmetry,0,0.3905,
PAT_1070_305_907.png,ACK,0,495616,14326,0.028905443,480.0731598529185,1.2802065385441377,408,0.1012,border_asymmetry,0,0.3805,
PAT_815_1533_460.png,BCC,1,562500,50563,0.089889778,1137.3422791987302,2.0358213752288727,970,0.2899,border_asymmetry,1,0.7028,
PAT_1715_3184_989.png,SEK,0,3759721,52161,0.013873636,906.7249634685276,1.2542825274500065,804,0.1217,border_asymmetry,0,0.1585,
PAT_308_661_184.png,BCC,1,5992704,192073,0.032051140853945,2832.2064196981587,3.3233311784197586,2459,0.4074,border_asymmetry,0,0.1585,
PAT_494_939_518.png,BCC,1,228484,39497,0.1728654960522399,776.4995667241114,1.214810288681888,692,0.2038,border_asymmetry,1,0.7199,
PAT_994_1866_730.png,BCC,1,1745041,130896,0.075010272,1582.177848998413,1.521858802332548,1373,0.1842,border_asymmetry,1,0.7028,
PAT_904_1737_511.png,BCC,1,3916441,146595,0.037430667,1521.8935777509512,1.2573018276860248,1321,0.1049,border_asymmetry,0,0.1585,True
PAT_1783_3414_120.png,SEK,0,1955802,227477,0.116308808355856,1985.9595949289333,1.3797279451870692,1754,0.158,border_asymmetry,1,0.5672,True
PAT_615_1168_968.png,NEV,0,586756,91877,0.1565846791511292,1175.9453095790604,1.1977262789138663,1026,0.0883,border_asymmetry,1,0.5672,
PAT_141_209_438.png,BCC,1,142506,2906,0.0203921238403997,202.85281374238568,1.1268253229644445,178,0.0807,border_asymmetry,0,0.3805,
PAT_1638_2878_536.png,ACK,0,4260096,1225342,0.2876324852773271,5384.925465981025,1.8831816308660507,4711,0.3031,border_asymmetry,0,0.4749,
PAT_45_65_551.png,ACK,0,348690,48353,0.1386704522641888,910.1219330881976,1.3632197601226483,790,0.2549,border_asymmetry,1,0.5672,
PAT_809_1527_902.png,SCC,1,172225,2345,0.0136159094208157,191.48023074035524,1.2442142563384804,160,0.1422,border_asymmetry,0,0.3805,
PAT_1326_1156_163.png,NEV,0,130670,6582,0.0503711640009183,314.492424,1.1957837133337694,271,0.4577,border_asymmetry,0,0.3805,
PAT_93_361_467.png,SEK,0,144400,5434,0.037631579,280.35028842544403,1.1509925600207107,241,0.606,border_asymmetry,0,0.2983,
PAT_1712_3173_684.png,ACK,0,2531281,86287,0.034088274,1144.3717164502532,1.2077554257376109,982,0.0979,border_asymmetry,0,0.3805,
PAT_653_1234_311.png,SCC,1,376382,137597,0.3655780563363816,1485.5016587651646,1.2762256030491097,1205,0.2259,border_asymmetry,1,0.7199,
PAT_406_1542_754.png,BCC,1,4096576,166951,0.0407537904825883,1540.8641404994282,1.1316960699801173,1335,0.0905,border_asymmetry,0,0.1585,
PAT_164_255_119.png,SCC,1,360000,46689,0.1296916666666666,908.6660889654818,1.4072919555831331,796,0.177,border_asymmetry,1,0.5672,
PAT_1582_2574_989.png,SEK,0,88804,4716,0.053105716,304.45079348883235,1.5640497390531132,268,0.387,border_asymmetry,0,0.3805,
PAT_1184_676_904.png,ACK,0,3013696,5411,0.00179547,288.492424,1.2240000280476966,245,0.6049,border_asymmetry,0,0.2983,
PAT_1707_3148_835.png,ACK,0,1092025,125848,0.1152427829033218,1363.8031739553294,1.1761080203203202,1218,0.1344,border_asymmetry,1,0.5672,
PAT_1780_3380_542.png,SEK,0,346921,50795,0.1464166193456147,931.1930009,1.358465387338338,809,0.1266,border_asymmetry,1,0.5672,
PAT_57_90_910.png,ACK,0,182329,12407,0.068047321,481.8893937,1.4894231131297104,421,0.2091,border_asymmetry,1,0.7028,
PAT_976_1837_503.png,BCC,1,1838736,437857,0.238129345,3005.402379191052,1.6415839246510897,2609,0.3453,border_asymmetry,1,0.9657,True
PAT_996_6_367.png,ACK,0,308025,16222,0.0526645564483402,514.3574311003805,1.297823925491424,434,0.1595,border_asymmetry,0,0.3805,False
PAT_76_1039_269.png,SCC,1,276150,57486,0.2081694731124388,1151.4427842621187,1.8353241129020048,987,0.2896,border_asymmetry,1,0.7199,
PAT_1761_3329_837.png,SEK,0,1317904,136936,0.1039043815027498,3737.122292025696,8.116094924,3209,0.2655,border_asymmetry,1,0.7028,
PAT_187_287_482.png,BCC,1,50176,20878,0.4160953443877551,681.5117600329312,1.7703044106921313,577,0.2164,border_asymmetry,1,0.7199,False
PAT_846_1607_895.png,ACK,0,1308736,376362,0.2875767152427991,2656.532321505963,1.4921571928941586,2268,0.2525,border_asymmetry,1,0.7199,
PAT_1767_3340_959.png,ACK,0,958441,132488,0.1382328176695279,1525.065150626205,1.3969806351838177,1325,0.1886,border_asymmetry,1,0.5672,False
PAT_1374_1286_775.png,ACK,0,91809,4639,0.050528815,302.9777054234136,1.5746611321877948,257,0.2069,border_asymmetry,0,0.3805,
PAT_1431_1495_511.png,ACK,0,4946176,213387,0.043141813,2924.9486271093897,3.190499372855815,2466,0.5911,border_asymmetry,0,0.0,False
PAT_166_257_586.png,BCC,1,339889,10225,0.030083351,386.9777054234136,1.165463587920646,341,0.1256,border_asymmetry,0,0.3805,
PAT_38_53_198.png,BCC,1,496320,47621,0.095948179,861.2346314604057,1.2394659347420136,732,0.1058,border_asymmetry,1,0.5672,
PAT_97_151_503.png,BCC,1,702244,222939,0.317466578568133,1959.782971419796,1.370945047,1698,0.1901,border_asymmetry,1,0.7199,
PAT_354_1814_619.png,SEK,0,422500,75913,0.1796757396449704,1073.2762620207484,1.207527498256631,937,0.1586,border_asymmetry,1,0.7199,
PAT_370_2558_573.png,ACK,0,2886601,224041,0.077614121,2805.662263820874,2.795975846587385,2425,0.5982,border_asymmetry,0,0.0,
PAT_587_3431_6.png,ACK,0,2400950,199711,0.083179991,1938.9961748553924,1.4981043130035532,1671,0.2294,border_asymmetry,1,0.7028,
PAT_356_4511_960.png,ACK,0,3853369,207900,0.053952788,1864.5941546018391,1.3307739270481949,1585,0.4945,border_asymmetry,0,0.067,True
PAT_2048_4333_63.png,SEK,0,1083681,90852,0.08383648,1188.8397538817887,1.2379476564550551,1007,0.1353,border_asymmetry,1,0.5672,
PAT_631_1207_982.png,BCC,1,189225,30141,0.1592865636147443,664.4406922210658,1.1655876119158604,570,0.1259,border_asymmetry,1,0.5672,
PAT_1942_3917_379.png,SEK,0,373932,26331,0.070416546,616.5584412,1.1488710313943191,542,0.1139,border_asymmetry,1,0.5672,
PAT_219_337_358.png,SCC,1,308025,57508,0.1866991315639964,1163.5189027078677,1.8733061482949631,1026,0.2307,border_asymmetry,1,0.7199,
PAT_2154_4783_625.png,ACK,0,190096,11288,0.059380524,563.4701294725885,2.238282668106018,474,0.139,border_asymmetry,0,0.3805,
PAT_354_1814_153.png,SEK,0,608400,67815,0.1114644970414201,1004.8569978244918,1.1848759717600013,840,0.425,border_asymmetry,1,0.5672,True
PAT_224_343_782.png,BCC,1,502681,44085,0.087699754,785.5950211536165,1.1140296136038428,675,0.0558,border_asymmetry,1,0.5672,False
PAT_886_1684_103.png,ACK,0,147456,7121,0.048292372,325.6639969244288,1.1851918262517636,283,0.4634,border_asymmetry,0,0.3805,
PAT_313_669_908.png,BCC,1,673220,60184,0.089397225,968.447834896002,1.2401138340856093,833,0.1791,border_asymmetry,1,0.5672,
PAT_677_1350_67.png,ACK,0,1826552,88397,0.0483955562173975,1174.3128419472075,1.241424265784834,1002,0.1662,border_asymmetry,0,0.3805,
PAT_393_793_852.png,ACK,0,145924,5822,0.039897481,285.66399692442883,1.1153956635707425,243,0.0918,border_asymmetry,0,0.3805,
PAT_478_1829_281.png,BCC,1,562500,47451,0.084357333,980.5067093990478,1.6123001939696424,855,0.2339,border_asymmetry,1,0.7028,
PAT_771_1489_345.png,SCC,1,3125824,132601,0.042421134,1447.2072862499358,1.2569118406566324,1243,0.1102,border_asymmetry,0,0.3805,
PAT_1385_1323_100.png,ACK,0,3636649,82269,0.0226221997228767,1080.2640687119283,1.1287916278111698,956,0.0504,border_asymmetry,0,0.1585,True
PAT_1582_2574_34.png,SEK,0,47524,3200,0.067334399,230.06601717798213,1.3162703726398983,199,0.2637,border_asymmetry,0,0.3905,
PAT_570_1084_637.png,SCC,1,1290496,16275,0.01261143,509.50461735799473,1.2693032352483742,454,0.2189,border_asymmetry,0,0.3805,
PAT_241_367_89.png,BCC,1,6943225,620209,0.089325782,3865.579002700189,1.9172607390821408,3499,0.4297,border_asymmetry,0,0.3582,
PAT_924_1757_704.png,SCC,1,1242110,459485,0.3699229536836512,3021.357790037879,1.5809681211894742,2443,0.2117,border_asymmetry,1,0.9657,
PAT_2053_4360_281.png,SEK,0,197136,10333,0.052415591,414.63455967290594,1.324020476725289,367,0.2392,border_asymmetry,0,0.3805,
PAT_1174_628_915.png,ACK,0,1437601,14863,0.0103387518511742,478.5168106668145,1.225964958894856,411,0.1474,border_asymmetry,0,0.3805,
PAT_2129_4680_110.png,NEV,0,454276,13518,0.0297572400919264,487.6467529817257,1.3998721305928206,428,0.3016,border_asymmetry,0,0.3805,
PAT_345_719_815.png,NEV,0,94249,12189,0.1293276321234177,429.6051224213831,1.204927623943551,377,0.1132,border_asymmetry,0,0.3905,
PAT_851_1623_506.png,ACK,0,1289360,152332,0.1181454364956257,2156.4448763031714,2.429269592180142,1925,0.5126,border_asymmetry,1,0.7028,
PAT_377_1580_429.png,SCC,1,160801,4683,0.029122953215465,309.07821048680194,1.6233148305333172,266,0.5497,border_asymmetry,0,0.067,
PAT_961_1818_992.png,ACK,0,563250,83458,0.1481722148246782,1227.9768388716363,1.4378133579875731,1013,0.1893,border_asymmetry,1,0.7028,
PAT_1350_1230_925.png,NEV,0,158360,14013,0.088488255,478.43354954612926,1.2998770219794271,425,0.1616,border_asymmetry,0,0.3905,
PAT_441_2868_663.png,ACK,0,3294225,91949,0.0279121796477168,1183.1585130146568,1.2115155461554297,1027,0.7406,border_asymmetry,0,0.0837,
PAT_1892_3760_713.png,ACK,0,1082640,332357,0.3069875489544077,3016.407429824935,2.1785388517400737,2649,0.3704,border_asymmetry,1,0.7199,
PAT_550_1045_81.png,BCC,1,1036324,156049,0.1505793554911398,1495.9524522539969,1.1412077861498937,1305,0.054,border_asymmetry,1,0.5672,True
PAT_966_1825_584.png,MEL,1,226576,21351,0.094233282,880.9503602129438,2.8925094759429717,760,0.2256,border_asymmetry,1,0.7028,
PAT_86_1082_41.png,ACK,0,2576025,650387,0.2524769751846352,3108.691701072397,1.182424967868927,2733,0.0818,border_asymmetry,0,0.4749,
PAT_903_1720_647.png,BCC,1,339889,25325,0.074509619,620.0559159102154,1.2080986326966814,531,0.0925,border_asymmetry,1,0.5672,
PAT_1928_3876_437.png,NEV,0,3274290,1168918,0.3569989219036799,4593.629001424744,1.4365406630060162,3940,0.1932,border_asymmetry,0,0.4749,
PAT_36_49_935.png,BCC,1,136161,24121,0.1771505790938668,600.9848481,1.1915763445383811,514,0.1102,border_asymmetry,1,0.7199,
PAT_120_183_623.png,BCC,1,459684,134238,0.2920223457853656,1430.177848998413,1.2125363236482336,1221,0.0859,border_asymmetry,1,0.7199,
PAT_394_794_235.png,BCC,1,494209,33646,0.068080508,793.4112549695428,1.4888584467507964,694,0.3364,border_asymmetry,1,0.7028,
PAT_398_799_163.png,NEV,0,519120,53410,0.1028856526429342,979.6854249,1.4300158527746996,814,0.3196,border_asymmetry,1,0.7028,
PAT_1153_555_98.png,NEV,0,320356,9269,0.028933436551836,368.0904037956216,1.1632317422204683,313,0.0939,border_asymmetry,0,0.3805,
PAT_211_317_649.png,BCC,1,1024144,38724,0.037811089,1002.5067093990476,2.065306444842101,877,0.2992,border_asymmetry,0,0.3805,
PAT_1582_2574_890.png,SEK,0,110224,6681,0.0606129336623602,417.78888860545663,2.079038037212245,348,0.5558,border_asymmetry,0,0.067,False
PAT_200_304_139.png,BCC,1,979110,50169,0.051239391,1067.7026688919411,1.808236986,919,0.3625,border_asymmetry,0,0.3805,
PAT_274_423_374.png,BCC,1,527076,45951,0.087180976,826.1808075912433,1.1820759265840994,716,0.1504,border_asymmetry,1,0.5672,
PAT_201_946_262.png,ACK,0,2712609,165329,0.060948334,1621.290547370621,1.265210531677154,1403,0.1881,border_asymmetry,0,0.3805,
PAT_660_1249_469.png,BCC,1,432964,87736,0.2026404042830351,1125.317892581091,1.1485839782381924,982,0.0557,border_asymmetry,1,0.7199,
PAT_877_1667_667.png,BCC,1,562500,20705,0.036808889,577.4284989122459,1.2814785182362445,495,0.1606,border_asymmetry,0,0.3805,
PAT_2150_4766_754.png,ACK,0,2006472,3345,0.001667105,321.7056274847714,2.4621319834969424,272,0.8613,border_asymmetry,0,0.0,
PAT_115_177_622.png,BCC,1,297025,120179,0.4046090396431276,1479.2661607529817,1.4489526555869343,1285,0.1645,border_asymmetry,1,0.7199,
PAT_1584_2610_223.png,ACK,0,1990921,46827,0.0235202702668764,845.3107499061545,1.2143016484976863,743,0.1623,border_asymmetry,0,0.3805,
PAT_255_388_77.png,BCC,1,228484,80743,0.353385795,1163.175757,1.3334475519871587,1024,0.0962,border_asymmetry,1,0.7199,
PAT_1728_3234_299.png,ACK,0,562500,58314,0.1036693333333333,1318.4549775709384,2.372181484337348,1142,0.387,border_asymmetry,1,0.7028,
PAT_451_878_634.png,BCC,1,324900,83245,0.25621729763004,1480.7808793787428,2.0961076076854144,1289,0.3196,border_asymmetry,1,0.7199,
PAT_1288_1003_969.png,NEV,0,4456321,253706,0.056931716,1958.018469431979,1.2025218213000737,1736,0.0808,border_asymmetry,0,0.1585,
PAT_230_351_720.png,ACK,0,601400,23374,0.0388659793814432,599.6883835420683,1.2243578465012317,533,0.2,border_asymmetry,0,0.3805,
PAT_894_1680_410.png,BCC,1,1249924,27414,0.0219325334980366,635.2691193458119,1.1714755176416156,540,0.1269,border_asymmetry,0,0.3805,
PAT_2103_4581_72.png,NEV,0,2435160,218855,0.089872945,2943.510026929376,3.150392769607366,2509,0.4703,border_asymmetry,1,0.7028,
PAT_1572_2496_418.png,ACK,0,222784,30517,0.13698021401896,1040.874241767195,2.825171528646564,893,0.2564,border_asymmetry,1,0.7028,
PAT_242_368_261.png,BCC,1,178083,17131,0.096196717,493.78888860545663,1.132635180569547,430,0.0723,border_asymmetry,0,0.3905,False
PAT_260_400_842.png,ACK,0,245025,30480,0.1243954698500153,688.1391770309007,1.2363110210969142,585,0.1407,border_asymmetry,1,0.5672,
PAT_526_3205_611.png,ACK,0,1703025,228079,0.1339258084878378,1843.481456229631,1.1857206475343975,1573,0.1239,border_asymmetry,1,0.5672,
PAT_1161_578_233.png,NEV,0,1187010,74310,0.062602674,1308.129075763134,1.8325003755700944,1147,0.3969,border_asymmetry,1,0.7028,
PAT_747_1408_427.png,BCC,1,1971216,169934,0.086207701,1606.4448763031717,1.2084856873596352,1372,0.136,border_asymmetry,1,0.5672,
PAT_1249_862_658.png,NEV,0,210222,17867,0.084991105,510.75945135393374,1.1619068769008714,442,0.1363,border_asymmetry,0,0.3905,
PAT_982_1852_526.png,ACK,0,2238016,262093,0.1171095291543938,2224.13326,1.501952932921914,1923,0.1774,border_asymmetry,1,0.7028,
PAT_1036_169_687.png,ACK,0,570025,5201,0.009124161,283.76450198781714,1.232024696648219,244,0.7267,border_asymmetry,0,0.0,
PAT_428_845_189.png,ACK,0,1194649,207480,0.1736744432883633,1741.4398256692884,1.1631369200524464,1478,0.066,border_asymmetry,1,0.7199,
PAT_1344_1222_456.png,NEV,0,284089,11633,0.0409484351734843,404.5340546095176,1.1194600064124938,354,0.0977,border_asymmetry,0,0.3805,True
PAT_1370_1274_515.png,ACK,0,9734400,531342,0.054583949704142,2782.657213186991,1.1596726381889015,2373,0.0868,border_asymmetry,0,0.1585,
PAT_800_1514_512.png,SCC,1,1008016,28065,0.02784182,690.7838379715732,1.3530362287594635,598,0.1795,border_asymmetry,0,0.3805,True
PAT_59_46_537.png,SEK,0,34969,10843,0.3100746375361034,439.5462479183374,1.4179138103304878,377,0.1222,border_asymmetry,0,0.0,
PAT_995_1867_165.png,MEL,1,818100,89462,0.1093533797824226,1252.396103067893,1.3951951189190428,1066,0.4088,border_asymmetry,1,0.5672,
PAT_464_900_548.png,BCC,1,494209,75039,0.1518365711672591,1044.004184082106,1.1558662328390572,904,0.0907,border_asymmetry,1,0.5672,False
PAT_680_1289_585.png,MEL,1,91809,4074,0.044374735,276.7523086789974,1.496068973203836,249,0.189,border_asymmetry,0,0.3805,
PAT_781_1474_517.png,BCC,1,212521,36923,0.1737381247029705,815.3523805,1.4327942918985552,706,0.2233,border_asymmetry,1,0.7199,
PAT_1528_1795_12.png,ACK,0,2449225,127935,0.0522348906286682,1603.8103166302658,1.599951316422327,1417,0.2514,border_asymmetry,0,0.3805,True
PAT_561_1068_557.png,BCC,1,2374681,723208,0.3045495373904958,3421.752667616496,1.2883211703743187,2986,0.1374,border_asymmetry,0,0.4749,
PAT_341_715_180.png,NEV,0,748225,63726,0.085169568,976.1879502661797,1.1899819170077333,825,0.1291,border_asymmetry,1,0.5672,True
PAT_632_1206_637.png,SCC,1,562500,62501,0.1111128888888888,1052.1463197058372,1.409468748150979,908,0.2654,border_asymmetry,1,0.5672,
PAT_267_1258_693.png,SEK,0,572292,92274,0.1612358725965066,1154.0874452027913,1.1486513352823708,1000,0.051,border_asymmetry,1,0.5672,
PAT_82_125_525.png,BCC,1,27889,8728,0.3129549284664205,367.94826817189073,1.2343801371649623,317,0.0983,border_asymmetry,0,0.0,
PAT_1396_1360_4.png,SEK,0,2669956,98797,0.037003232,1181.2834046956846,1.1239696498109135,1004,0.0611,border_asymmetry,0,0.3805,True
PAT_1243_837_806.png,ACK,0,1265625,45667,0.036082568,857.0681092190351,1.280024625639493,756,0.1206,border_asymmetry,0,0.3805,
PAT_942_1792_411.png,ACK,0,2930944,20034,0.00683534,622.3990616607231,1.5387225733174992,500,0.7852,border_asymmetry,0,0.0,
PAT_2043_4308_681.png,ACK,0,491401,80144,0.1630928711988783,1541.526045382804,2.359504747021185,1363,0.4102,border_asymmetry,1,0.7028,
PAT_1708_3153_799.png,ACK,0,4932841,837175,0.1697145721907517,3696.695885154503,1.298976616893056,3181,0.4729,border_asymmetry,1,0.5672,
PAT_262_402_14.png,MEL,1,4661281,1319179,0.283007826,4657.258510463767,1.3084197675075926,3927,0.1467,border_asymmetry,0,0.4749,
PAT_115_1138_870.png,MEL,1,55696,4890,0.087798047,281.03657992645924,1.2853073178751508,245,0.2232,border_asymmetry,0,0.3905,
PAT_93_361_51.png,SEK,0,73441,2813,0.038302855,222.40916292848976,1.399348075810289,193,0.7925,border_asymmetry,0,0.0,
