criterion,max_depth,min_samples_leaf,cv_auc_mean,cv_auc_std,cv_accuracy_mean,cv_accuracy_std
gini,2.0,1,0.6661055897101663,0.026542576271362434,0.6571428571428571,0.025211688791127815
gini,2.0,2,0.6661055897101663,0.026542576271362434,0.6571428571428571,0.025211688791127815
gini,2.0,5,0.6661055897101663,0.026542576271362434,0.6571428571428571,0.025211688791127815
gini,2.0,10,0.6661055897101663,0.026542576271362434,0.6571428571428571,0.025211688791127815
gini,2.0,20,0.6661055897101663,0.026542576271362434,0.6571428571428571,0.025211688791127815
gini,3.0,1,0.6698151979260092,0.02507492983487479,0.6535714285714286,0.02515541262989931
gini,3.0,2,0.6698151979260092,0.02507492983487479,0.6535714285714286,0.02515541262989931
gini,3.0,5,0.6728658235445142,0.02521794291228913,0.6553571428571429,0.026041241493127795
gini,3.0,10,0.6746621670819293,0.02445059092818649,0.655952380952381,0.026122747925585332
gini,3.0,20,0.6736736537039434,0.024443963488558384,0.655952380952381,0.026122747925585332
gini,4.0,1,0.6740243123020151,0.02088652639724644,0.6517857142857142,0.014335231641419413
gini,4.0,2,0.6741164445351537,0.021154799137976247,0.650595238095238,0.014409188615369274
gini,4.0,5,0.6695529409220845,0.02270417333163091,0.6494047619047618,0.017086547731437318
gini,4.0,10,0.6707186032224485,0.02281949238307603,0.6482142857142857,0.01828844225683004
gini,4.0,20,0.6761680115094852,0.02704425078441423,0.6494047619047619,0.020568038741870236
gini,5.0,1,0.6654250656447841,0.025919795317558503,0.6392857142857143,0.01867188945399778
gini,5.0,2,0.6662151589175632,0.028834979810356945,0.6398809523809523,0.01947074670690016
gini,5.0,5,0.6612903026766576,0.028306855361254026,0.6351190476190476,0.018973068393463386
gini,5.0,10,0.6637917625934381,0.029754914051405526,0.6339285714285714,0.020960496263879785
gini,5.0,20,0.6655739537559345,0.032964593776975644,0.6345238095238095,0.027561516435214834
gini,6.0,1,0.6623851366923602,0.020759578517915676,0.644047619047619,0.0225563039541624
gini,6.0,2,0.6701090906029586,0.025222257566364023,0.644047619047619,0.02317609801658546
gini,6.0,5,0.6625552785364344,0.02684435661390955,0.636904761904762,0.01947074670690017
gini,6.0,10,0.6663499992276848,0.021471033301622203,0.636904761904762,0.02104484467817107
gini,6.0,20,0.6704175346173973,0.031136341012681243,0.6297619047619047,0.02757436862357253
gini,8.0,1,0.642189304370368,0.024185413003743453,0.6309523809523809,0.02439750182371332
gini,8.0,2,0.6449279525570282,0.033674019614837944,0.6244047619047619,0.02863336540668024
gini,8.0,5,0.6487475738857591,0.021957630585757712,0.6255952380952381,0.026311947744405186
gini,8.0,10,0.6606669562999348,0.019422933844962784,0.6321428571428572,0.018500321747523887
gini,8.0,20,0.671154510505616,0.027376936388574562,0.6321428571428572,0.019158901118370347
gini,10.0,1,0.636467260277778,0.02267236751284151,0.6273809523809524,0.021078489535268766
gini,10.0,2,0.6310354258023823,0.033333739575789764,0.6089285714285715,0.026459655679634358
gini,10.0,5,0.6391207018348684,0.03326118361248447,0.6214285714285716,0.026976831413392043
gini,10.0,10,0.6469122406075423,0.02633825272500944,0.6220238095238095,0.02137891070960475
gini,10.0,20,0.6666546139295695,0.03238230421249021,0.6279761904761905,0.025323865935931708
gini,,1,0.5952393606700378,0.020143770544128272,0.5952380952380952,0.02018550590215856
gini,,2,0.6054114450776826,0.032515318427185164,0.5934523809523811,0.02919702016293029
gini,,5,0.6289731634173589,0.03330863062900272,0.6005952380952381,0.02788104387769136
gini,,10,0.6424161093192192,0.029606563129118708,0.6119047619047618,0.023555189211201637
gini,,20,0.6623674098488207,0.028150590484628535,0.618452380952381,0.025491206077814105
entropy,2.0,1,0.6656520749709373,0.02645957443762063,0.6571428571428571,0.025211688791127815
entropy,2.0,2,0.6656520749709373,0.02645957443762063,0.6571428571428571,0.025211688791127815
entropy,2.0,5,0.6656520749709373,0.02645957443762063,0.6571428571428571,0.025211688791127815
entropy,2.0,10,0.6656520749709373,0.02645957443762063,0.6571428571428571,0.025211688791127815
entropy,2.0,20,0.6656520749709373,0.02645957443762063,0.6571428571428571,0.025211688791127815
entropy,3.0,1,0.6707222607978102,0.020975829373841973,0.6547619047619048,0.02601401593263351
entropy,3.0,2,0.6707222607978102,0.020975829373841973,0.6547619047619048,0.02601401593263351
entropy,3.0,5,0.6709242165801232,0.020928015567529927,0.6547619047619048,0.02601401593263351
entropy,3.0,10,0.6709242165801232,0.020928015567529927,0.6547619047619048,0.02601401593263351
entropy,3.0,20,0.6719021122559855,0.021250136301559936,0.6547619047619048,0.02601401593263351
entropy,4.0,1,0.6780352566462696,0.024602880449091005,0.6535714285714286,0.020585257697369748
entropy,4.0,2,0.6782478416802832,0.02480233196980473,0.6535714285714286,0.020585257697369748
entropy,4.0,5,0.6761219524230933,0.031140400552501966,0.6517857142857143,0.024324781835360174
entropy,4.0,10,0.6728799199290909,0.029008667638079005,0.6535714285714286,0.025850060417391036
entropy,4.0,20,0.67797857697036,0.03038382400820252,0.6440476190476191,0.021999665014971827
entropy,5.0,1,0.6603799479242618,0.020433206088852282,0.6303571428571428,0.01819131760706683
entropy,5.0,2,0.66315426685473,0.023630927853444065,0.6303571428571428,0.01923273145405181
entropy,5.0,5,0.6638204196053813,0.024330086805484145,0.631547619047619,0.0255606078018856
entropy,5.0,10,0.6659214252983788,0.023847653977675843,0.6321428571428571,0.024585567176265952
entropy,5.0,20,0.6771849737559459,0.02361486558007958,0.631547619047619,0.02637919024542898
entropy,6.0,1,0.6433091149745753,0.024523327997717417,0.6172619047619048,0.01906621116434164
entropy,6.0,2,0.6489321360047284,0.020960288812235436,0.6226190476190476,0.021078489535268786
entropy,6.0,5,0.6458850460633296,0.023301805191624586,0.6196428571428572,0.02269723329159239
entropy,6.0,10,0.6556497831581936,0.023506833748958983,0.625,0.02621751850660145
entropy,6.0,20,0.6688727042152062,0.027043556253424438,0.6339285714285714,0.028546616210194765
entropy,8.0,1,0.636602127076604,0.018484493293649956,0.613095238095238,0.023282865732866604
entropy,8.0,2,0.6411372335432184,0.026574990767063815,0.6136904761904762,0.027173124310746026
entropy,8.0,5,0.64709671635576,0.029015812248460483,0.6148809523809524,0.03317351141212566
entropy,8.0,10,0.6665200133987148,0.03758935537020851,0.6226190476190476,0.040868199747075895
entropy,8.0,20,0.6802248464669501,0.03776813052026412,0.6357142857142857,0.03647988915724898
entropy,10.0,1,0.6216179664179269,0.041781039427880265,0.6119047619047618,0.03534531628405599
entropy,10.0,2,0.6316310366225645,0.04171692154645312,0.6130952380952381,0.024324781835360205
entropy,10.0,5,0.6338843270067361,0.03346478530831781,0.6077380952380953,0.031631738703777196
entropy,10.0,10,0.6534352859209328,0.045235602182610406,0.6130952380952381,0.04208968935634213
entropy,10.0,20,0.6819291093677075,0.035155672253608175,0.6392857142857145,0.02936641996081908
entropy,,1,0.5809996448354348,0.021085012235657116,0.5809523809523809,0.021078489535268783
entropy,,2,0.5984035175030931,0.022430325913755187,0.5910714285714286,0.019884872724392936
entropy,,5,0.6246050265527794,0.023095701605966985,0.5880952380952381,0.03067642553982175
entropy,,10,0.6391316681584703,0.036013204510310634,0.5904761904761905,0.03478961713381538
entropy,,20,0.6782831848931449,0.034749678803275764,0.6261904761904762,0.02705551946991311
