feature_set,k,cv_accuracy_mean,cv_accuracy_std,cv_auc_mean,cv_auc_std
border_asymmetry,1,0.5375,0.018595832561682523,0.5374155535083679,0.018579490297214098
border_asymmetry,2,0.5285714285714287,0.018690855319175685,0.5495294132280462,0.02456694354324846
border_asymmetry,3,0.5571428571428572,0.01634467883064998,0.572435756079115,0.018656980065427275
border_asymmetry,4,0.5446428571428572,0.013176156917368245,0.5800253447187258,0.014883519293763244
border_asymmetry,5,0.5708333333333333,0.011511356908222446,0.5904315201009245,0.007731518749924509
border_asymmetry,6,0.5726190476190476,0.017415165283723586,0.605897347970002,0.010235793877101943
border_asymmetry,7,0.6,0.005520011009223613,0.6213204886015514,0.009611886929972762
border_asymmetry,8,0.5857142857142856,0.014749418682576067,0.6266988122535271,0.010955817905209268
border_asymmetry,9,0.5934523809523811,0.0058321184351980224,0.627634097019502,0.015603994676277048
border_asymmetry,10,0.5976190476190476,0.005771047449305133,0.6311206678339171,0.009022885213893913
border_asymmetry,11,0.6125,0.014749418682576027,0.6357657699635146,0.009176837624211988
border_asymmetry,12,0.5964285714285714,0.014035507288751903,0.6351421634702257,0.012533876751049722
border_asymmetry,13,0.6035714285714285,0.018576769683722908,0.641310735435501,0.014458388151197796
border_asymmetry,14,0.6041666666666667,0.01248581962107323,0.6471038147008321,0.013306132976970943
border_asymmetry,15,0.6095238095238095,0.010878373144343504,0.6523370041053423,0.012743782879954705
border_asymmetry,16,0.6154761904761904,0.01876652710766004,0.655501065026691,0.012345986201470763
border_asymmetry,17,0.6172619047619048,0.007192289269996774,0.6560998345307131,0.01243826254997588
border_asymmetry,18,0.6136904761904761,0.016235930591649822,0.6554089326680134,0.01157909705256567
border_asymmetry,19,0.6214285714285713,0.010878373144343494,0.6584985435079204,0.011135398435092075
border_asymmetry,20,0.6238095238095238,0.02665975675780798,0.6601461254773793,0.013793647760471879
